<?xml version="1.0" encoding="UTF-8"?>
<project-private xmlns="http://www.netbeans.org/ns/project-private/1">
    <editor-bookmarks xmlns="http://www.netbeans.org/ns/editor-bookmarks/2" lastBookmarkId="0"/>
    <open-files xmlns="http://www.netbeans.org/ns/projectui-open-files/2">
        <group>
            <file>file:/Users/christopheredwardlinington/NetBeansProjects/POE1Question2/src/poe1question2/Student.java</file>
            <file>file:/Users/christopheredwardlinington/NetBeansProjects/POE1Question2/test/PersonTest.java</file>
            <file>file:/Users/christopheredwardlinington/NetBeansProjects/POE1Question2/src/poe1question2/POE1Question2.java</file>
            <file>file:/Users/christopheredwardlinington/NetBeansProjects/POE1Question2/src/poe1question2/Person.java</file>
            <file>file:/Users/christopheredwardlinington/NetBeansProjects/POE1Question2/test/POE1Question2Test.java</file>
            <file>file:/Users/christopheredwardlinington/NetBeansProjects/POE1Question2/test/StudentTest.java</file>
        </group>
    </open-files>
</project-private>
